<?xml version="1.0" encoding="UTF-8"?>
<project-private xmlns="http://www.netbeans.org/ns/project-private/1">
    <editor-bookmarks xmlns="http://www.netbeans.org/ns/editor-bookmarks/2" lastBookmarkId="0"/>
    <open-files xmlns="http://www.netbeans.org/ns/projectui-open-files/2">
        <group>
            <file>file:/Users/chandrkiran/Desktop/AED-Final-Project-main/DoorDeliveryApplication/src/UI/Customer/AddCustomerJPanel.java</file>
            <file>file:/Users/chandrkiran/Desktop/AED-Final-Project-main/DoorDeliveryApplication/src/Business/ConfigureASystem.java</file>
            <file>file:/Users/chandrkiran/Desktop/AED-Final-Project-main/DoorDeliveryApplication/src/UI/Customer/CustomerCartJPanel.java</file>
            <file>file:/Users/chandrkiran/Desktop/AED-Final-Project-main/DoorDeliveryApplication/src/UI/Customer/CustomerWorkAreaJPanel.java</file>
            <file>file:/Users/chandrkiran/Desktop/AED-Final-Project-main/DoorDeliveryApplication/src/Business/DeliveryAgent/DeliveryAgent.java</file>
        </group>
    </open-files>
</project-private>
